date,datekey,year,quarter,month,weekday,weekday_name
2015-01-01,1012015,2015,1,1,3,Thursday
2015-01-02,1022015,2015,1,1,4,Friday
2015-01-03,1032015,2015,1,1,5,Saturday
2015-01-04,1042015,2015,1,1,6,Sunday
2015-01-05,1052015,2015,1,1,0,Monday
2015-01-06,1062015,2015,1,1,1,Tuesday
2015-01-07,1072015,2015,1,1,2,Wednesday
2015-01-08,1082015,2015,1,1,3,Thursday
2015-01-09,1092015,2015,1,1,4,Friday
2015-01-10,1102015,2015,1,1,5,Saturday
2015-01-11,1112015,2015,1,1,6,Sunday
2015-01-12,1122015,2015,1,1,0,Monday
2015-01-13,1132015,2015,1,1,1,Tuesday
2015-01-14,1142015,2015,1,1,2,Wednesday
2015-01-15,1152015,2015,1,1,3,Thursday
2015-01-16,1162015,2015,1,1,4,Friday
2015-01-17,1172015,2015,1,1,5,Saturday
2015-01-18,1182015,2015,1,1,6,Sunday
2015-01-19,1192015,2015,1,1,0,Monday
2015-01-20,1202015,2015,1,1,1,Tuesday
2015-01-21,1212015,2015,1,1,2,Wednesday
2015-01-22,1222015,2015,1,1,3,Thursday
2015-01-23,1232015,2015,1,1,4,Friday
2015-01-24,1242015,2015,1,1,5,Saturday
2015-01-25,1252015,2015,1,1,6,Sunday
2015-01-26,1262015,2015,1,1,0,Monday
2015-01-27,1272015,2015,1,1,1,Tuesday
2015-01-28,1282015,2015,1,1,2,Wednesday
2015-01-29,1292015,2015,1,1,3,Thursday
2015-01-30,1302015,2015,1,1,4,Friday
2015-01-31,1312015,2015,1,1,5,Saturday
2015-02-01,2012015,2015,1,2,6,Sunday
2015-02-02,2022015,2015,1,2,0,Monday
2015-02-03,2032015,2015,1,2,1,Tuesday
2015-02-04,2042015,2015,1,2,2,Wednesday
2015-02-05,2052015,2015,1,2,3,Thursday
2015-02-06,2062015,2015,1,2,4,Friday
2015-02-07,2072015,2015,1,2,5,Saturday
2015-02-08,2082015,2015,1,2,6,Sunday
2015-02-09,2092015,2015,1,2,0,Monday
2015-02-10,2102015,2015,1,2,1,Tuesday
2015-02-11,2112015,2015,1,2,2,Wednesday
2015-02-12,2122015,2015,1,2,3,Thursday
2015-02-13,2132015,2015,1,2,4,Friday
2015-02-14,2142015,2015,1,2,5,Saturday
2015-02-15,2152015,2015,1,2,6,Sunday
2015-02-16,2162015,2015,1,2,0,Monday
2015-02-17,2172015,2015,1,2,1,Tuesday
2015-02-18,2182015,2015,1,2,2,Wednesday
2015-02-19,2192015,2015,1,2,3,Thursday
2015-02-20,2202015,2015,1,2,4,Friday
2015-02-21,2212015,2015,1,2,5,Saturday
2015-02-22,2222015,2015,1,2,6,Sunday
2015-02-23,2232015,2015,1,2,0,Monday
2015-02-24,2242015,2015,1,2,1,Tuesday
2015-02-25,2252015,2015,1,2,2,Wednesday
2015-02-26,2262015,2015,1,2,3,Thursday
2015-02-27,2272015,2015,1,2,4,Friday
2015-02-28,2282015,2015,1,2,5,Saturday
2015-03-01,3012015,2015,1,3,6,Sunday
2015-03-02,3022015,2015,1,3,0,Monday
2015-03-03,3032015,2015,1,3,1,Tuesday
2015-03-04,3042015,2015,1,3,2,Wednesday
2015-03-05,3052015,2015,1,3,3,Thursday
2015-03-06,3062015,2015,1,3,4,Friday
2015-03-07,3072015,2015,1,3,5,Saturday
2015-03-08,3082015,2015,1,3,6,Sunday
2015-03-09,3092015,2015,1,3,0,Monday
2015-03-10,3102015,2015,1,3,1,Tuesday
2015-03-11,3112015,2015,1,3,2,Wednesday
2015-03-12,3122015,2015,1,3,3,Thursday
2015-03-13,3132015,2015,1,3,4,Friday
2015-03-14,3142015,2015,1,3,5,Saturday
2015-03-15,3152015,2015,1,3,6,Sunday
2015-03-16,3162015,2015,1,3,0,Monday
2015-03-17,3172015,2015,1,3,1,Tuesday
2015-03-18,3182015,2015,1,3,2,Wednesday
2015-03-19,3192015,2015,1,3,3,Thursday
2015-03-20,3202015,2015,1,3,4,Friday
2015-03-21,3212015,2015,1,3,5,Saturday
2015-03-22,3222015,2015,1,3,6,Sunday
2015-03-23,3232015,2015,1,3,0,Monday
2015-03-24,3242015,2015,1,3,1,Tuesday
2015-03-25,3252015,2015,1,3,2,Wednesday
2015-03-26,3262015,2015,1,3,3,Thursday
2015-03-27,3272015,2015,1,3,4,Friday
2015-03-28,3282015,2015,1,3,5,Saturday
2015-03-29,3292015,2015,1,3,6,Sunday
2015-03-30,3302015,2015,1,3,0,Monday
2015-03-31,3312015,2015,1,3,1,Tuesday
2015-04-01,4012015,2015,2,4,2,Wednesday
2015-04-02,4022015,2015,2,4,3,Thursday
2015-04-03,4032015,2015,2,4,4,Friday
2015-04-04,4042015,2015,2,4,5,Saturday
2015-04-05,4052015,2015,2,4,6,Sunday
2015-04-06,4062015,2015,2,4,0,Monday
2015-04-07,4072015,2015,2,4,1,Tuesday
2015-04-08,4082015,2015,2,4,2,Wednesday
2015-04-09,4092015,2015,2,4,3,Thursday
2015-04-10,4102015,2015,2,4,4,Friday
2015-04-11,4112015,2015,2,4,5,Saturday
2015-04-12,4122015,2015,2,4,6,Sunday
2015-04-13,4132015,2015,2,4,0,Monday
2015-04-14,4142015,2015,2,4,1,Tuesday
2015-04-15,4152015,2015,2,4,2,Wednesday
2015-04-16,4162015,2015,2,4,3,Thursday
2015-04-17,4172015,2015,2,4,4,Friday
2015-04-18,4182015,2015,2,4,5,Saturday
2015-04-19,4192015,2015,2,4,6,Sunday
2015-04-20,4202015,2015,2,4,0,Monday
2015-04-21,4212015,2015,2,4,1,Tuesday
2015-04-22,4222015,2015,2,4,2,Wednesday
2015-04-23,4232015,2015,2,4,3,Thursday
2015-04-24,4242015,2015,2,4,4,Friday
2015-04-25,4252015,2015,2,4,5,Saturday
2015-04-26,4262015,2015,2,4,6,Sunday
2015-04-27,4272015,2015,2,4,0,Monday
2015-04-28,4282015,2015,2,4,1,Tuesday
2015-04-29,4292015,2015,2,4,2,Wednesday
2015-04-30,4302015,2015,2,4,3,Thursday
2015-05-01,5012015,2015,2,5,4,Friday
2015-05-02,5022015,2015,2,5,5,Saturday
2015-05-03,5032015,2015,2,5,6,Sunday
2015-05-04,5042015,2015,2,5,0,Monday
2015-05-05,5052015,2015,2,5,1,Tuesday
2015-05-06,5062015,2015,2,5,2,Wednesday
2015-05-07,5072015,2015,2,5,3,Thursday
2015-05-08,5082015,2015,2,5,4,Friday
2015-05-09,5092015,2015,2,5,5,Saturday
2015-05-10,5102015,2015,2,5,6,Sunday
2015-05-11,5112015,2015,2,5,0,Monday
2015-05-12,5122015,2015,2,5,1,Tuesday
2015-05-13,5132015,2015,2,5,2,Wednesday
2015-05-14,5142015,2015,2,5,3,Thursday
2015-05-15,5152015,2015,2,5,4,Friday
2015-05-16,5162015,2015,2,5,5,Saturday
2015-05-17,5172015,2015,2,5,6,Sunday
2015-05-18,5182015,2015,2,5,0,Monday
2015-05-19,5192015,2015,2,5,1,Tuesday
2015-05-20,5202015,2015,2,5,2,Wednesday
2015-05-21,5212015,2015,2,5,3,Thursday
2015-05-22,5222015,2015,2,5,4,Friday
2015-05-23,5232015,2015,2,5,5,Saturday
2015-05-24,5242015,2015,2,5,6,Sunday
2015-05-25,5252015,2015,2,5,0,Monday
2015-05-26,5262015,2015,2,5,1,Tuesday
2015-05-27,5272015,2015,2,5,2,Wednesday
2015-05-28,5282015,2015,2,5,3,Thursday
2015-05-29,5292015,2015,2,5,4,Friday
2015-05-30,5302015,2015,2,5,5,Saturday
2015-05-31,5312015,2015,2,5,6,Sunday
2015-06-01,6012015,2015,2,6,0,Monday
2015-06-02,6022015,2015,2,6,1,Tuesday
2015-06-03,6032015,2015,2,6,2,Wednesday
2015-06-04,6042015,2015,2,6,3,Thursday
2015-06-05,6052015,2015,2,6,4,Friday
2015-06-06,6062015,2015,2,6,5,Saturday
2015-06-07,6072015,2015,2,6,6,Sunday
2015-06-08,6082015,2015,2,6,0,Monday
2015-06-09,6092015,2015,2,6,1,Tuesday
2015-06-10,6102015,2015,2,6,2,Wednesday
2015-06-11,6112015,2015,2,6,3,Thursday
2015-06-12,6122015,2015,2,6,4,Friday
2015-06-13,6132015,2015,2,6,5,Saturday
2015-06-14,6142015,2015,2,6,6,Sunday
2015-06-15,6152015,2015,2,6,0,Monday
2015-06-16,6162015,2015,2,6,1,Tuesday
2015-06-17,6172015,2015,2,6,2,Wednesday
2015-06-18,6182015,2015,2,6,3,Thursday
2015-06-19,6192015,2015,2,6,4,Friday
2015-06-20,6202015,2015,2,6,5,Saturday
2015-06-21,6212015,2015,2,6,6,Sunday
2015-06-22,6222015,2015,2,6,0,Monday
2015-06-23,6232015,2015,2,6,1,Tuesday
2015-06-24,6242015,2015,2,6,2,Wednesday
2015-06-25,6252015,2015,2,6,3,Thursday
2015-06-26,6262015,2015,2,6,4,Friday
2015-06-27,6272015,2015,2,6,5,Saturday
2015-06-28,6282015,2015,2,6,6,Sunday
2015-06-29,6292015,2015,2,6,0,Monday
2015-06-30,6302015,2015,2,6,1,Tuesday
2015-07-01,7012015,2015,3,7,2,Wednesday
2015-07-02,7022015,2015,3,7,3,Thursday
2015-07-03,7032015,2015,3,7,4,Friday
2015-07-04,7042015,2015,3,7,5,Saturday
2015-07-05,7052015,2015,3,7,6,Sunday
2015-07-06,7062015,2015,3,7,0,Monday
2015-07-07,7072015,2015,3,7,1,Tuesday
2015-07-08,7082015,2015,3,7,2,Wednesday
2015-07-09,7092015,2015,3,7,3,Thursday
2015-07-10,7102015,2015,3,7,4,Friday
2015-07-11,7112015,2015,3,7,5,Saturday
2015-07-12,7122015,2015,3,7,6,Sunday
2015-07-13,7132015,2015,3,7,0,Monday
2015-07-14,7142015,2015,3,7,1,Tuesday
2015-07-15,7152015,2015,3,7,2,Wednesday
2015-07-16,7162015,2015,3,7,3,Thursday
2015-07-17,7172015,2015,3,7,4,Friday
2015-07-18,7182015,2015,3,7,5,Saturday
2015-07-19,7192015,2015,3,7,6,Sunday
2015-07-20,7202015,2015,3,7,0,Monday
2015-07-21,7212015,2015,3,7,1,Tuesday
2015-07-22,7222015,2015,3,7,2,Wednesday
2015-07-23,7232015,2015,3,7,3,Thursday
2015-07-24,7242015,2015,3,7,4,Friday
2015-07-25,7252015,2015,3,7,5,Saturday
2015-07-26,7262015,2015,3,7,6,Sunday
2015-07-27,7272015,2015,3,7,0,Monday
2015-07-28,7282015,2015,3,7,1,Tuesday
2015-07-29,7292015,2015,3,7,2,Wednesday
2015-07-30,7302015,2015,3,7,3,Thursday
2015-07-31,7312015,2015,3,7,4,Friday
2015-08-01,8012015,2015,3,8,5,Saturday
2015-08-02,8022015,2015,3,8,6,Sunday
2015-08-03,8032015,2015,3,8,0,Monday
2015-08-04,8042015,2015,3,8,1,Tuesday
2015-08-05,8052015,2015,3,8,2,Wednesday
2015-08-06,8062015,2015,3,8,3,Thursday
2015-08-07,8072015,2015,3,8,4,Friday
2015-08-08,8082015,2015,3,8,5,Saturday
2015-08-09,8092015,2015,3,8,6,Sunday
2015-08-10,8102015,2015,3,8,0,Monday
2015-08-11,8112015,2015,3,8,1,Tuesday
2015-08-12,8122015,2015,3,8,2,Wednesday
2015-08-13,8132015,2015,3,8,3,Thursday
2015-08-14,8142015,2015,3,8,4,Friday
2015-08-15,8152015,2015,3,8,5,Saturday
2015-08-16,8162015,2015,3,8,6,Sunday
2015-08-17,8172015,2015,3,8,0,Monday
2015-08-18,8182015,2015,3,8,1,Tuesday
2015-08-19,8192015,2015,3,8,2,Wednesday
2015-08-20,8202015,2015,3,8,3,Thursday
2015-08-21,8212015,2015,3,8,4,Friday
2015-08-22,8222015,2015,3,8,5,Saturday
2015-08-23,8232015,2015,3,8,6,Sunday
2015-08-24,8242015,2015,3,8,0,Monday
2015-08-25,8252015,2015,3,8,1,Tuesday
2015-08-26,8262015,2015,3,8,2,Wednesday
2015-08-27,8272015,2015,3,8,3,Thursday
2015-08-28,8282015,2015,3,8,4,Friday
2015-08-29,8292015,2015,3,8,5,Saturday
2015-08-30,8302015,2015,3,8,6,Sunday
2015-08-31,8312015,2015,3,8,0,Monday
2015-09-01,9012015,2015,3,9,1,Tuesday
2015-09-02,9022015,2015,3,9,2,Wednesday
2015-09-03,9032015,2015,3,9,3,Thursday
2015-09-04,9042015,2015,3,9,4,Friday
2015-09-05,9052015,2015,3,9,5,Saturday
2015-09-06,9062015,2015,3,9,6,Sunday
2015-09-07,9072015,2015,3,9,0,Monday
2015-09-08,9082015,2015,3,9,1,Tuesday
2015-09-09,9092015,2015,3,9,2,Wednesday
2015-09-10,9102015,2015,3,9,3,Thursday
2015-09-11,9112015,2015,3,9,4,Friday
2015-09-12,9122015,2015,3,9,5,Saturday
2015-09-13,9132015,2015,3,9,6,Sunday
2015-09-14,9142015,2015,3,9,0,Monday
2015-09-15,9152015,2015,3,9,1,Tuesday
2015-09-16,9162015,2015,3,9,2,Wednesday
2015-09-17,9172015,2015,3,9,3,Thursday
2015-09-18,9182015,2015,3,9,4,Friday
2015-09-19,9192015,2015,3,9,5,Saturday
2015-09-20,9202015,2015,3,9,6,Sunday
2015-09-21,9212015,2015,3,9,0,Monday
2015-09-22,9222015,2015,3,9,1,Tuesday
2015-09-23,9232015,2015,3,9,2,Wednesday
2015-09-24,9242015,2015,3,9,3,Thursday
2015-09-25,9252015,2015,3,9,4,Friday
2015-09-26,9262015,2015,3,9,5,Saturday
2015-09-27,9272015,2015,3,9,6,Sunday
2015-09-28,9282015,2015,3,9,0,Monday
2015-09-29,9292015,2015,3,9,1,Tuesday
2015-09-30,9302015,2015,3,9,2,Wednesday
2015-10-01,10012015,2015,4,10,3,Thursday
2015-10-02,10022015,2015,4,10,4,Friday
2015-10-03,10032015,2015,4,10,5,Saturday
2015-10-04,10042015,2015,4,10,6,Sunday
2015-10-05,10052015,2015,4,10,0,Monday
2015-10-06,10062015,2015,4,10,1,Tuesday
2015-10-07,10072015,2015,4,10,2,Wednesday
2015-10-08,10082015,2015,4,10,3,Thursday
2015-10-09,10092015,2015,4,10,4,Friday
2015-10-10,10102015,2015,4,10,5,Saturday
2015-10-11,10112015,2015,4,10,6,Sunday
2015-10-12,10122015,2015,4,10,0,Monday
2015-10-13,10132015,2015,4,10,1,Tuesday
2015-10-14,10142015,2015,4,10,2,Wednesday
2015-10-15,10152015,2015,4,10,3,Thursday
2015-10-16,10162015,2015,4,10,4,Friday
2015-10-17,10172015,2015,4,10,5,Saturday
2015-10-18,10182015,2015,4,10,6,Sunday
2015-10-19,10192015,2015,4,10,0,Monday
2015-10-20,10202015,2015,4,10,1,Tuesday
2015-10-21,10212015,2015,4,10,2,Wednesday
2015-10-22,10222015,2015,4,10,3,Thursday
2015-10-23,10232015,2015,4,10,4,Friday
2015-10-24,10242015,2015,4,10,5,Saturday
2015-10-25,10252015,2015,4,10,6,Sunday
2015-10-26,10262015,2015,4,10,0,Monday
2015-10-27,10272015,2015,4,10,1,Tuesday
2015-10-28,10282015,2015,4,10,2,Wednesday
2015-10-29,10292015,2015,4,10,3,Thursday
2015-10-30,10302015,2015,4,10,4,Friday
2015-10-31,10312015,2015,4,10,5,Saturday
2015-11-01,11012015,2015,4,11,6,Sunday
2015-11-02,11022015,2015,4,11,0,Monday
2015-11-03,11032015,2015,4,11,1,Tuesday
2015-11-04,11042015,2015,4,11,2,Wednesday
2015-11-05,11052015,2015,4,11,3,Thursday
2015-11-06,11062015,2015,4,11,4,Friday
2015-11-07,11072015,2015,4,11,5,Saturday
2015-11-08,11082015,2015,4,11,6,Sunday
2015-11-09,11092015,2015,4,11,0,Monday
2015-11-10,11102015,2015,4,11,1,Tuesday
2015-11-11,11112015,2015,4,11,2,Wednesday
2015-11-12,11122015,2015,4,11,3,Thursday
2015-11-13,11132015,2015,4,11,4,Friday
2015-11-14,11142015,2015,4,11,5,Saturday
2015-11-15,11152015,2015,4,11,6,Sunday
2015-11-16,11162015,2015,4,11,0,Monday
2015-11-17,11172015,2015,4,11,1,Tuesday
2015-11-18,11182015,2015,4,11,2,Wednesday
2015-11-19,11192015,2015,4,11,3,Thursday
2015-11-20,11202015,2015,4,11,4,Friday
2015-11-21,11212015,2015,4,11,5,Saturday
2015-11-22,11222015,2015,4,11,6,Sunday
2015-11-23,11232015,2015,4,11,0,Monday
2015-11-24,11242015,2015,4,11,1,Tuesday
2015-11-25,11252015,2015,4,11,2,Wednesday
2015-11-26,11262015,2015,4,11,3,Thursday
2015-11-27,11272015,2015,4,11,4,Friday
2015-11-28,11282015,2015,4,11,5,Saturday
2015-11-29,11292015,2015,4,11,6,Sunday
2015-11-30,11302015,2015,4,11,0,Monday
2015-12-01,12012015,2015,4,12,1,Tuesday
2015-12-02,12022015,2015,4,12,2,Wednesday
2015-12-03,12032015,2015,4,12,3,Thursday
2015-12-04,12042015,2015,4,12,4,Friday
2015-12-05,12052015,2015,4,12,5,Saturday
2015-12-06,12062015,2015,4,12,6,Sunday
2015-12-07,12072015,2015,4,12,0,Monday
2015-12-08,12082015,2015,4,12,1,Tuesday
2015-12-09,12092015,2015,4,12,2,Wednesday
2015-12-10,12102015,2015,4,12,3,Thursday
2015-12-11,12112015,2015,4,12,4,Friday
2015-12-12,12122015,2015,4,12,5,Saturday
2015-12-13,12132015,2015,4,12,6,Sunday
2015-12-14,12142015,2015,4,12,0,Monday
2015-12-15,12152015,2015,4,12,1,Tuesday
2015-12-16,12162015,2015,4,12,2,Wednesday
2015-12-17,12172015,2015,4,12,3,Thursday
2015-12-18,12182015,2015,4,12,4,Friday
2015-12-19,12192015,2015,4,12,5,Saturday
2015-12-20,12202015,2015,4,12,6,Sunday
2015-12-21,12212015,2015,4,12,0,Monday
2015-12-22,12222015,2015,4,12,1,Tuesday
2015-12-23,12232015,2015,4,12,2,Wednesday
2015-12-24,12242015,2015,4,12,3,Thursday
2015-12-25,12252015,2015,4,12,4,Friday
2015-12-26,12262015,2015,4,12,5,Saturday
2015-12-27,12272015,2015,4,12,6,Sunday
2015-12-28,12282015,2015,4,12,0,Monday
2015-12-29,12292015,2015,4,12,1,Tuesday
2015-12-30,12302015,2015,4,12,2,Wednesday
2015-12-31,12312015,2015,4,12,3,Thursday
2016-01-01,1012016,2016,1,1,4,Friday
2016-01-02,1022016,2016,1,1,5,Saturday
2016-01-03,1032016,2016,1,1,6,Sunday
2016-01-04,1042016,2016,1,1,0,Monday
2016-01-05,1052016,2016,1,1,1,Tuesday
2016-01-06,1062016,2016,1,1,2,Wednesday
2016-01-07,1072016,2016,1,1,3,Thursday
2016-01-08,1082016,2016,1,1,4,Friday
2016-01-09,1092016,2016,1,1,5,Saturday
2016-01-10,1102016,2016,1,1,6,Sunday
2016-01-11,1112016,2016,1,1,0,Monday
2016-01-12,1122016,2016,1,1,1,Tuesday
2016-01-13,1132016,2016,1,1,2,Wednesday
2016-01-14,1142016,2016,1,1,3,Thursday
2016-01-15,1152016,2016,1,1,4,Friday
2016-01-16,1162016,2016,1,1,5,Saturday
2016-01-17,1172016,2016,1,1,6,Sunday
2016-01-18,1182016,2016,1,1,0,Monday
2016-01-19,1192016,2016,1,1,1,Tuesday
2016-01-20,1202016,2016,1,1,2,Wednesday
2016-01-21,1212016,2016,1,1,3,Thursday
2016-01-22,1222016,2016,1,1,4,Friday
2016-01-23,1232016,2016,1,1,5,Saturday
2016-01-24,1242016,2016,1,1,6,Sunday
2016-01-25,1252016,2016,1,1,0,Monday
2016-01-26,1262016,2016,1,1,1,Tuesday
2016-01-27,1272016,2016,1,1,2,Wednesday
2016-01-28,1282016,2016,1,1,3,Thursday
2016-01-29,1292016,2016,1,1,4,Friday
2016-01-30,1302016,2016,1,1,5,Saturday
2016-01-31,1312016,2016,1,1,6,Sunday
2016-02-01,2012016,2016,1,2,0,Monday
2016-02-02,2022016,2016,1,2,1,Tuesday
2016-02-03,2032016,2016,1,2,2,Wednesday
2016-02-04,2042016,2016,1,2,3,Thursday
2016-02-05,2052016,2016,1,2,4,Friday
2016-02-06,2062016,2016,1,2,5,Saturday
2016-02-07,2072016,2016,1,2,6,Sunday
2016-02-08,2082016,2016,1,2,0,Monday
2016-02-09,2092016,2016,1,2,1,Tuesday
2016-02-10,2102016,2016,1,2,2,Wednesday
2016-02-11,2112016,2016,1,2,3,Thursday
2016-02-12,2122016,2016,1,2,4,Friday
2016-02-13,2132016,2016,1,2,5,Saturday
2016-02-14,2142016,2016,1,2,6,Sunday
2016-02-15,2152016,2016,1,2,0,Monday
2016-02-16,2162016,2016,1,2,1,Tuesday
2016-02-17,2172016,2016,1,2,2,Wednesday
2016-02-18,2182016,2016,1,2,3,Thursday
2016-02-19,2192016,2016,1,2,4,Friday
2016-02-20,2202016,2016,1,2,5,Saturday
2016-02-21,2212016,2016,1,2,6,Sunday
2016-02-22,2222016,2016,1,2,0,Monday
2016-02-23,2232016,2016,1,2,1,Tuesday
2016-02-24,2242016,2016,1,2,2,Wednesday
2016-02-25,2252016,2016,1,2,3,Thursday
2016-02-26,2262016,2016,1,2,4,Friday
2016-02-27,2272016,2016,1,2,5,Saturday
2016-02-28,2282016,2016,1,2,6,Sunday
2016-02-29,2292016,2016,1,2,0,Monday
2016-03-01,3012016,2016,1,3,1,Tuesday
2016-03-02,3022016,2016,1,3,2,Wednesday
2016-03-03,3032016,2016,1,3,3,Thursday
2016-03-04,3042016,2016,1,3,4,Friday
2016-03-05,3052016,2016,1,3,5,Saturday
2016-03-06,3062016,2016,1,3,6,Sunday
2016-03-07,3072016,2016,1,3,0,Monday
2016-03-08,3082016,2016,1,3,1,Tuesday
2016-03-09,3092016,2016,1,3,2,Wednesday
2016-03-10,3102016,2016,1,3,3,Thursday
2016-03-11,3112016,2016,1,3,4,Friday
2016-03-12,3122016,2016,1,3,5,Saturday
2016-03-13,3132016,2016,1,3,6,Sunday
2016-03-14,3142016,2016,1,3,0,Monday
2016-03-15,3152016,2016,1,3,1,Tuesday
2016-03-16,3162016,2016,1,3,2,Wednesday
2016-03-17,3172016,2016,1,3,3,Thursday
2016-03-18,3182016,2016,1,3,4,Friday
2016-03-19,3192016,2016,1,3,5,Saturday
2016-03-20,3202016,2016,1,3,6,Sunday
2016-03-21,3212016,2016,1,3,0,Monday
2016-03-22,3222016,2016,1,3,1,Tuesday
2016-03-23,3232016,2016,1,3,2,Wednesday
2016-03-24,3242016,2016,1,3,3,Thursday
2016-03-25,3252016,2016,1,3,4,Friday
2016-03-26,3262016,2016,1,3,5,Saturday
2016-03-27,3272016,2016,1,3,6,Sunday
2016-03-28,3282016,2016,1,3,0,Monday
2016-03-29,3292016,2016,1,3,1,Tuesday
2016-03-30,3302016,2016,1,3,2,Wednesday
2016-03-31,3312016,2016,1,3,3,Thursday
2016-04-01,4012016,2016,2,4,4,Friday
2016-04-02,4022016,2016,2,4,5,Saturday
2016-04-03,4032016,2016,2,4,6,Sunday
2016-04-04,4042016,2016,2,4,0,Monday
2016-04-05,4052016,2016,2,4,1,Tuesday
2016-04-06,4062016,2016,2,4,2,Wednesday
2016-04-07,4072016,2016,2,4,3,Thursday
2016-04-08,4082016,2016,2,4,4,Friday
2016-04-09,4092016,2016,2,4,5,Saturday
2016-04-10,4102016,2016,2,4,6,Sunday
2016-04-11,4112016,2016,2,4,0,Monday
2016-04-12,4122016,2016,2,4,1,Tuesday
2016-04-13,4132016,2016,2,4,2,Wednesday
2016-04-14,4142016,2016,2,4,3,Thursday
2016-04-15,4152016,2016,2,4,4,Friday
2016-04-16,4162016,2016,2,4,5,Saturday
2016-04-17,4172016,2016,2,4,6,Sunday
2016-04-18,4182016,2016,2,4,0,Monday
2016-04-19,4192016,2016,2,4,1,Tuesday
2016-04-20,4202016,2016,2,4,2,Wednesday
2016-04-21,4212016,2016,2,4,3,Thursday
2016-04-22,4222016,2016,2,4,4,Friday
2016-04-23,4232016,2016,2,4,5,Saturday
2016-04-24,4242016,2016,2,4,6,Sunday
2016-04-25,4252016,2016,2,4,0,Monday
2016-04-26,4262016,2016,2,4,1,Tuesday
2016-04-27,4272016,2016,2,4,2,Wednesday
2016-04-28,4282016,2016,2,4,3,Thursday
2016-04-29,4292016,2016,2,4,4,Friday
2016-04-30,4302016,2016,2,4,5,Saturday
2016-05-01,5012016,2016,2,5,6,Sunday
2016-05-02,5022016,2016,2,5,0,Monday
2016-05-03,5032016,2016,2,5,1,Tuesday
2016-05-04,5042016,2016,2,5,2,Wednesday
2016-05-05,5052016,2016,2,5,3,Thursday
2016-05-06,5062016,2016,2,5,4,Friday
2016-05-07,5072016,2016,2,5,5,Saturday
2016-05-08,5082016,2016,2,5,6,Sunday
2016-05-09,5092016,2016,2,5,0,Monday
2016-05-10,5102016,2016,2,5,1,Tuesday
2016-05-11,5112016,2016,2,5,2,Wednesday
2016-05-12,5122016,2016,2,5,3,Thursday
2016-05-13,5132016,2016,2,5,4,Friday
2016-05-14,5142016,2016,2,5,5,Saturday
2016-05-15,5152016,2016,2,5,6,Sunday
2016-05-16,5162016,2016,2,5,0,Monday
2016-05-17,5172016,2016,2,5,1,Tuesday
2016-05-18,5182016,2016,2,5,2,Wednesday
2016-05-19,5192016,2016,2,5,3,Thursday
2016-05-20,5202016,2016,2,5,4,Friday
2016-05-21,5212016,2016,2,5,5,Saturday
2016-05-22,5222016,2016,2,5,6,Sunday
2016-05-23,5232016,2016,2,5,0,Monday
2016-05-24,5242016,2016,2,5,1,Tuesday
2016-05-25,5252016,2016,2,5,2,Wednesday
2016-05-26,5262016,2016,2,5,3,Thursday
2016-05-27,5272016,2016,2,5,4,Friday
2016-05-28,5282016,2016,2,5,5,Saturday
2016-05-29,5292016,2016,2,5,6,Sunday
2016-05-30,5302016,2016,2,5,0,Monday
2016-05-31,5312016,2016,2,5,1,Tuesday
2016-06-01,6012016,2016,2,6,2,Wednesday
2016-06-02,6022016,2016,2,6,3,Thursday
2016-06-03,6032016,2016,2,6,4,Friday
2016-06-04,6042016,2016,2,6,5,Saturday
2016-06-05,6052016,2016,2,6,6,Sunday
2016-06-06,6062016,2016,2,6,0,Monday
2016-06-07,6072016,2016,2,6,1,Tuesday
2016-06-08,6082016,2016,2,6,2,Wednesday
2016-06-09,6092016,2016,2,6,3,Thursday
2016-06-10,6102016,2016,2,6,4,Friday
2016-06-11,6112016,2016,2,6,5,Saturday
2016-06-12,6122016,2016,2,6,6,Sunday
2016-06-13,6132016,2016,2,6,0,Monday
2016-06-14,6142016,2016,2,6,1,Tuesday
2016-06-15,6152016,2016,2,6,2,Wednesday
2016-06-16,6162016,2016,2,6,3,Thursday
2016-06-17,6172016,2016,2,6,4,Friday
2016-06-18,6182016,2016,2,6,5,Saturday
2016-06-19,6192016,2016,2,6,6,Sunday
2016-06-20,6202016,2016,2,6,0,Monday
2016-06-21,6212016,2016,2,6,1,Tuesday
2016-06-22,6222016,2016,2,6,2,Wednesday
2016-06-23,6232016,2016,2,6,3,Thursday
2016-06-24,6242016,2016,2,6,4,Friday
2016-06-25,6252016,2016,2,6,5,Saturday
2016-06-26,6262016,2016,2,6,6,Sunday
2016-06-27,6272016,2016,2,6,0,Monday
2016-06-28,6282016,2016,2,6,1,Tuesday
2016-06-29,6292016,2016,2,6,2,Wednesday
2016-06-30,6302016,2016,2,6,3,Thursday
2016-07-01,7012016,2016,3,7,4,Friday
2016-07-02,7022016,2016,3,7,5,Saturday
2016-07-03,7032016,2016,3,7,6,Sunday
2016-07-04,7042016,2016,3,7,0,Monday
2016-07-05,7052016,2016,3,7,1,Tuesday
2016-07-06,7062016,2016,3,7,2,Wednesday
2016-07-07,7072016,2016,3,7,3,Thursday
2016-07-08,7082016,2016,3,7,4,Friday
2016-07-09,7092016,2016,3,7,5,Saturday
2016-07-10,7102016,2016,3,7,6,Sunday
2016-07-11,7112016,2016,3,7,0,Monday
2016-07-12,7122016,2016,3,7,1,Tuesday
2016-07-13,7132016,2016,3,7,2,Wednesday
2016-07-14,7142016,2016,3,7,3,Thursday
2016-07-15,7152016,2016,3,7,4,Friday
2016-07-16,7162016,2016,3,7,5,Saturday
2016-07-17,7172016,2016,3,7,6,Sunday
2016-07-18,7182016,2016,3,7,0,Monday
2016-07-19,7192016,2016,3,7,1,Tuesday
2016-07-20,7202016,2016,3,7,2,Wednesday
2016-07-21,7212016,2016,3,7,3,Thursday
2016-07-22,7222016,2016,3,7,4,Friday
2016-07-23,7232016,2016,3,7,5,Saturday
2016-07-24,7242016,2016,3,7,6,Sunday
2016-07-25,7252016,2016,3,7,0,Monday
2016-07-26,7262016,2016,3,7,1,Tuesday
2016-07-27,7272016,2016,3,7,2,Wednesday
2016-07-28,7282016,2016,3,7,3,Thursday
2016-07-29,7292016,2016,3,7,4,Friday
2016-07-30,7302016,2016,3,7,5,Saturday
2016-07-31,7312016,2016,3,7,6,Sunday
2016-08-01,8012016,2016,3,8,0,Monday
2016-08-02,8022016,2016,3,8,1,Tuesday
2016-08-03,8032016,2016,3,8,2,Wednesday
2016-08-04,8042016,2016,3,8,3,Thursday
2016-08-05,8052016,2016,3,8,4,Friday
2016-08-06,8062016,2016,3,8,5,Saturday
2016-08-07,8072016,2016,3,8,6,Sunday
2016-08-08,8082016,2016,3,8,0,Monday
2016-08-09,8092016,2016,3,8,1,Tuesday
2016-08-10,8102016,2016,3,8,2,Wednesday
2016-08-11,8112016,2016,3,8,3,Thursday
2016-08-12,8122016,2016,3,8,4,Friday
2016-08-13,8132016,2016,3,8,5,Saturday
2016-08-14,8142016,2016,3,8,6,Sunday
2016-08-15,8152016,2016,3,8,0,Monday
2016-08-16,8162016,2016,3,8,1,Tuesday
2016-08-17,8172016,2016,3,8,2,Wednesday
2016-08-18,8182016,2016,3,8,3,Thursday
2016-08-19,8192016,2016,3,8,4,Friday
2016-08-20,8202016,2016,3,8,5,Saturday
2016-08-21,8212016,2016,3,8,6,Sunday
2016-08-22,8222016,2016,3,8,0,Monday
2016-08-23,8232016,2016,3,8,1,Tuesday
2016-08-24,8242016,2016,3,8,2,Wednesday
2016-08-25,8252016,2016,3,8,3,Thursday
2016-08-26,8262016,2016,3,8,4,Friday
2016-08-27,8272016,2016,3,8,5,Saturday
2016-08-28,8282016,2016,3,8,6,Sunday
2016-08-29,8292016,2016,3,8,0,Monday
2016-08-30,8302016,2016,3,8,1,Tuesday
2016-08-31,8312016,2016,3,8,2,Wednesday
2016-09-01,9012016,2016,3,9,3,Thursday
2016-09-02,9022016,2016,3,9,4,Friday
2016-09-03,9032016,2016,3,9,5,Saturday
2016-09-04,9042016,2016,3,9,6,Sunday
2016-09-05,9052016,2016,3,9,0,Monday
2016-09-06,9062016,2016,3,9,1,Tuesday
2016-09-07,9072016,2016,3,9,2,Wednesday
2016-09-08,9082016,2016,3,9,3,Thursday
2016-09-09,9092016,2016,3,9,4,Friday
2016-09-10,9102016,2016,3,9,5,Saturday
2016-09-11,9112016,2016,3,9,6,Sunday
2016-09-12,9122016,2016,3,9,0,Monday
2016-09-13,9132016,2016,3,9,1,Tuesday
2016-09-14,9142016,2016,3,9,2,Wednesday
2016-09-15,9152016,2016,3,9,3,Thursday
2016-09-16,9162016,2016,3,9,4,Friday
2016-09-17,9172016,2016,3,9,5,Saturday
2016-09-18,9182016,2016,3,9,6,Sunday
2016-09-19,9192016,2016,3,9,0,Monday
2016-09-20,9202016,2016,3,9,1,Tuesday
2016-09-21,9212016,2016,3,9,2,Wednesday
2016-09-22,9222016,2016,3,9,3,Thursday
2016-09-23,9232016,2016,3,9,4,Friday
2016-09-24,9242016,2016,3,9,5,Saturday
2016-09-25,9252016,2016,3,9,6,Sunday
2016-09-26,9262016,2016,3,9,0,Monday
2016-09-27,9272016,2016,3,9,1,Tuesday
2016-09-28,9282016,2016,3,9,2,Wednesday
2016-09-29,9292016,2016,3,9,3,Thursday
2016-09-30,9302016,2016,3,9,4,Friday
2016-10-01,10012016,2016,4,10,5,Saturday
2016-10-02,10022016,2016,4,10,6,Sunday
2016-10-03,10032016,2016,4,10,0,Monday
2016-10-04,10042016,2016,4,10,1,Tuesday
2016-10-05,10052016,2016,4,10,2,Wednesday
2016-10-06,10062016,2016,4,10,3,Thursday
2016-10-07,10072016,2016,4,10,4,Friday
2016-10-08,10082016,2016,4,10,5,Saturday
2016-10-09,10092016,2016,4,10,6,Sunday
2016-10-10,10102016,2016,4,10,0,Monday
2016-10-11,10112016,2016,4,10,1,Tuesday
2016-10-12,10122016,2016,4,10,2,Wednesday
2016-10-13,10132016,2016,4,10,3,Thursday
2016-10-14,10142016,2016,4,10,4,Friday
2016-10-15,10152016,2016,4,10,5,Saturday
2016-10-16,10162016,2016,4,10,6,Sunday
2016-10-17,10172016,2016,4,10,0,Monday
2016-10-18,10182016,2016,4,10,1,Tuesday
2016-10-19,10192016,2016,4,10,2,Wednesday
2016-10-20,10202016,2016,4,10,3,Thursday
2016-10-21,10212016,2016,4,10,4,Friday
2016-10-22,10222016,2016,4,10,5,Saturday
2016-10-23,10232016,2016,4,10,6,Sunday
2016-10-24,10242016,2016,4,10,0,Monday
2016-10-25,10252016,2016,4,10,1,Tuesday
2016-10-26,10262016,2016,4,10,2,Wednesday
2016-10-27,10272016,2016,4,10,3,Thursday
2016-10-28,10282016,2016,4,10,4,Friday
2016-10-29,10292016,2016,4,10,5,Saturday
2016-10-30,10302016,2016,4,10,6,Sunday
2016-10-31,10312016,2016,4,10,0,Monday
2016-11-01,11012016,2016,4,11,1,Tuesday
2016-11-02,11022016,2016,4,11,2,Wednesday
2016-11-03,11032016,2016,4,11,3,Thursday
2016-11-04,11042016,2016,4,11,4,Friday
2016-11-05,11052016,2016,4,11,5,Saturday
2016-11-06,11062016,2016,4,11,6,Sunday
2016-11-07,11072016,2016,4,11,0,Monday
2016-11-08,11082016,2016,4,11,1,Tuesday
2016-11-09,11092016,2016,4,11,2,Wednesday
2016-11-10,11102016,2016,4,11,3,Thursday
2016-11-11,11112016,2016,4,11,4,Friday
2016-11-12,11122016,2016,4,11,5,Saturday
2016-11-13,11132016,2016,4,11,6,Sunday
2016-11-14,11142016,2016,4,11,0,Monday
2016-11-15,11152016,2016,4,11,1,Tuesday
2016-11-16,11162016,2016,4,11,2,Wednesday
2016-11-17,11172016,2016,4,11,3,Thursday
2016-11-18,11182016,2016,4,11,4,Friday
2016-11-19,11192016,2016,4,11,5,Saturday
2016-11-20,11202016,2016,4,11,6,Sunday
2016-11-21,11212016,2016,4,11,0,Monday
2016-11-22,11222016,2016,4,11,1,Tuesday
2016-11-23,11232016,2016,4,11,2,Wednesday
2016-11-24,11242016,2016,4,11,3,Thursday
2016-11-25,11252016,2016,4,11,4,Friday
2016-11-26,11262016,2016,4,11,5,Saturday
2016-11-27,11272016,2016,4,11,6,Sunday
2016-11-28,11282016,2016,4,11,0,Monday
2016-11-29,11292016,2016,4,11,1,Tuesday
2016-11-30,11302016,2016,4,11,2,Wednesday
2016-12-01,12012016,2016,4,12,3,Thursday
2016-12-02,12022016,2016,4,12,4,Friday
2016-12-03,12032016,2016,4,12,5,Saturday
2016-12-04,12042016,2016,4,12,6,Sunday
2016-12-05,12052016,2016,4,12,0,Monday
2016-12-06,12062016,2016,4,12,1,Tuesday
2016-12-07,12072016,2016,4,12,2,Wednesday
2016-12-08,12082016,2016,4,12,3,Thursday
2016-12-09,12092016,2016,4,12,4,Friday
2016-12-10,12102016,2016,4,12,5,Saturday
2016-12-11,12112016,2016,4,12,6,Sunday
2016-12-12,12122016,2016,4,12,0,Monday
2016-12-13,12132016,2016,4,12,1,Tuesday
2016-12-14,12142016,2016,4,12,2,Wednesday
2016-12-15,12152016,2016,4,12,3,Thursday
2016-12-16,12162016,2016,4,12,4,Friday
2016-12-17,12172016,2016,4,12,5,Saturday
2016-12-18,12182016,2016,4,12,6,Sunday
2016-12-19,12192016,2016,4,12,0,Monday
2016-12-20,12202016,2016,4,12,1,Tuesday
2016-12-21,12212016,2016,4,12,2,Wednesday
2016-12-22,12222016,2016,4,12,3,Thursday
2016-12-23,12232016,2016,4,12,4,Friday
2016-12-24,12242016,2016,4,12,5,Saturday
2016-12-25,12252016,2016,4,12,6,Sunday
2016-12-26,12262016,2016,4,12,0,Monday
2016-12-27,12272016,2016,4,12,1,Tuesday
2016-12-28,12282016,2016,4,12,2,Wednesday
2016-12-29,12292016,2016,4,12,3,Thursday
2016-12-30,12302016,2016,4,12,4,Friday
2016-12-31,12312016,2016,4,12,5,Saturday
2017-01-01,1012017,2017,1,1,6,Sunday
2017-01-02,1022017,2017,1,1,0,Monday
2017-01-03,1032017,2017,1,1,1,Tuesday
2017-01-04,1042017,2017,1,1,2,Wednesday
2017-01-05,1052017,2017,1,1,3,Thursday
2017-01-06,1062017,2017,1,1,4,Friday
2017-01-07,1072017,2017,1,1,5,Saturday
2017-01-08,1082017,2017,1,1,6,Sunday
2017-01-09,1092017,2017,1,1,0,Monday
2017-01-10,1102017,2017,1,1,1,Tuesday
2017-01-11,1112017,2017,1,1,2,Wednesday
2017-01-12,1122017,2017,1,1,3,Thursday
2017-01-13,1132017,2017,1,1,4,Friday
2017-01-14,1142017,2017,1,1,5,Saturday
2017-01-15,1152017,2017,1,1,6,Sunday
2017-01-16,1162017,2017,1,1,0,Monday
2017-01-17,1172017,2017,1,1,1,Tuesday
2017-01-18,1182017,2017,1,1,2,Wednesday
2017-01-19,1192017,2017,1,1,3,Thursday
2017-01-20,1202017,2017,1,1,4,Friday
2017-01-21,1212017,2017,1,1,5,Saturday
2017-01-22,1222017,2017,1,1,6,Sunday
2017-01-23,1232017,2017,1,1,0,Monday
2017-01-24,1242017,2017,1,1,1,Tuesday
2017-01-25,1252017,2017,1,1,2,Wednesday
2017-01-26,1262017,2017,1,1,3,Thursday
2017-01-27,1272017,2017,1,1,4,Friday
2017-01-28,1282017,2017,1,1,5,Saturday
2017-01-29,1292017,2017,1,1,6,Sunday
2017-01-30,1302017,2017,1,1,0,Monday
2017-01-31,1312017,2017,1,1,1,Tuesday
2017-02-01,2012017,2017,1,2,2,Wednesday
2017-02-02,2022017,2017,1,2,3,Thursday
2017-02-03,2032017,2017,1,2,4,Friday
2017-02-04,2042017,2017,1,2,5,Saturday
2017-02-05,2052017,2017,1,2,6,Sunday
2017-02-06,2062017,2017,1,2,0,Monday
2017-02-07,2072017,2017,1,2,1,Tuesday
2017-02-08,2082017,2017,1,2,2,Wednesday
2017-02-09,2092017,2017,1,2,3,Thursday
2017-02-10,2102017,2017,1,2,4,Friday
2017-02-11,2112017,2017,1,2,5,Saturday
2017-02-12,2122017,2017,1,2,6,Sunday
2017-02-13,2132017,2017,1,2,0,Monday
2017-02-14,2142017,2017,1,2,1,Tuesday
2017-02-15,2152017,2017,1,2,2,Wednesday
2017-02-16,2162017,2017,1,2,3,Thursday
2017-02-17,2172017,2017,1,2,4,Friday
2017-02-18,2182017,2017,1,2,5,Saturday
2017-02-19,2192017,2017,1,2,6,Sunday
2017-02-20,2202017,2017,1,2,0,Monday
2017-02-21,2212017,2017,1,2,1,Tuesday
2017-02-22,2222017,2017,1,2,2,Wednesday
2017-02-23,2232017,2017,1,2,3,Thursday
2017-02-24,2242017,2017,1,2,4,Friday
2017-02-25,2252017,2017,1,2,5,Saturday
2017-02-26,2262017,2017,1,2,6,Sunday
2017-02-27,2272017,2017,1,2,0,Monday
2017-02-28,2282017,2017,1,2,1,Tuesday
2017-03-01,3012017,2017,1,3,2,Wednesday
2017-03-02,3022017,2017,1,3,3,Thursday
2017-03-03,3032017,2017,1,3,4,Friday
2017-03-04,3042017,2017,1,3,5,Saturday
2017-03-05,3052017,2017,1,3,6,Sunday
2017-03-06,3062017,2017,1,3,0,Monday
2017-03-07,3072017,2017,1,3,1,Tuesday
2017-03-08,3082017,2017,1,3,2,Wednesday
2017-03-09,3092017,2017,1,3,3,Thursday
2017-03-10,3102017,2017,1,3,4,Friday
2017-03-11,3112017,2017,1,3,5,Saturday
2017-03-12,3122017,2017,1,3,6,Sunday
2017-03-13,3132017,2017,1,3,0,Monday
2017-03-14,3142017,2017,1,3,1,Tuesday
2017-03-15,3152017,2017,1,3,2,Wednesday
2017-03-16,3162017,2017,1,3,3,Thursday
2017-03-17,3172017,2017,1,3,4,Friday
2017-03-18,3182017,2017,1,3,5,Saturday
2017-03-19,3192017,2017,1,3,6,Sunday
2017-03-20,3202017,2017,1,3,0,Monday
2017-03-21,3212017,2017,1,3,1,Tuesday
2017-03-22,3222017,2017,1,3,2,Wednesday
2017-03-23,3232017,2017,1,3,3,Thursday
2017-03-24,3242017,2017,1,3,4,Friday
2017-03-25,3252017,2017,1,3,5,Saturday
2017-03-26,3262017,2017,1,3,6,Sunday
2017-03-27,3272017,2017,1,3,0,Monday
2017-03-28,3282017,2017,1,3,1,Tuesday
2017-03-29,3292017,2017,1,3,2,Wednesday
2017-03-30,3302017,2017,1,3,3,Thursday
2017-03-31,3312017,2017,1,3,4,Friday
2017-04-01,4012017,2017,2,4,5,Saturday
2017-04-02,4022017,2017,2,4,6,Sunday
2017-04-03,4032017,2017,2,4,0,Monday
2017-04-04,4042017,2017,2,4,1,Tuesday
2017-04-05,4052017,2017,2,4,2,Wednesday
2017-04-06,4062017,2017,2,4,3,Thursday
2017-04-07,4072017,2017,2,4,4,Friday
2017-04-08,4082017,2017,2,4,5,Saturday
2017-04-09,4092017,2017,2,4,6,Sunday
2017-04-10,4102017,2017,2,4,0,Monday
2017-04-11,4112017,2017,2,4,1,Tuesday
2017-04-12,4122017,2017,2,4,2,Wednesday
2017-04-13,4132017,2017,2,4,3,Thursday
2017-04-14,4142017,2017,2,4,4,Friday
2017-04-15,4152017,2017,2,4,5,Saturday
2017-04-16,4162017,2017,2,4,6,Sunday
2017-04-17,4172017,2017,2,4,0,Monday
2017-04-18,4182017,2017,2,4,1,Tuesday
2017-04-19,4192017,2017,2,4,2,Wednesday
2017-04-20,4202017,2017,2,4,3,Thursday
2017-04-21,4212017,2017,2,4,4,Friday
2017-04-22,4222017,2017,2,4,5,Saturday
2017-04-23,4232017,2017,2,4,6,Sunday
2017-04-24,4242017,2017,2,4,0,Monday
2017-04-25,4252017,2017,2,4,1,Tuesday
2017-04-26,4262017,2017,2,4,2,Wednesday
2017-04-27,4272017,2017,2,4,3,Thursday
2017-04-28,4282017,2017,2,4,4,Friday
2017-04-29,4292017,2017,2,4,5,Saturday
2017-04-30,4302017,2017,2,4,6,Sunday
2017-05-01,5012017,2017,2,5,0,Monday
2017-05-02,5022017,2017,2,5,1,Tuesday
2017-05-03,5032017,2017,2,5,2,Wednesday
2017-05-04,5042017,2017,2,5,3,Thursday
2017-05-05,5052017,2017,2,5,4,Friday
2017-05-06,5062017,2017,2,5,5,Saturday
2017-05-07,5072017,2017,2,5,6,Sunday
2017-05-08,5082017,2017,2,5,0,Monday
2017-05-09,5092017,2017,2,5,1,Tuesday
2017-05-10,5102017,2017,2,5,2,Wednesday
2017-05-11,5112017,2017,2,5,3,Thursday
2017-05-12,5122017,2017,2,5,4,Friday
2017-05-13,5132017,2017,2,5,5,Saturday
2017-05-14,5142017,2017,2,5,6,Sunday
2017-05-15,5152017,2017,2,5,0,Monday
2017-05-16,5162017,2017,2,5,1,Tuesday
2017-05-17,5172017,2017,2,5,2,Wednesday
2017-05-18,5182017,2017,2,5,3,Thursday
2017-05-19,5192017,2017,2,5,4,Friday
2017-05-20,5202017,2017,2,5,5,Saturday
2017-05-21,5212017,2017,2,5,6,Sunday
2017-05-22,5222017,2017,2,5,0,Monday
2017-05-23,5232017,2017,2,5,1,Tuesday
2017-05-24,5242017,2017,2,5,2,Wednesday
2017-05-25,5252017,2017,2,5,3,Thursday
2017-05-26,5262017,2017,2,5,4,Friday
2017-05-27,5272017,2017,2,5,5,Saturday
2017-05-28,5282017,2017,2,5,6,Sunday
2017-05-29,5292017,2017,2,5,0,Monday
2017-05-30,5302017,2017,2,5,1,Tuesday
2017-05-31,5312017,2017,2,5,2,Wednesday
2017-06-01,6012017,2017,2,6,3,Thursday
2017-06-02,6022017,2017,2,6,4,Friday
2017-06-03,6032017,2017,2,6,5,Saturday
2017-06-04,6042017,2017,2,6,6,Sunday
2017-06-05,6052017,2017,2,6,0,Monday
2017-06-06,6062017,2017,2,6,1,Tuesday
2017-06-07,6072017,2017,2,6,2,Wednesday
2017-06-08,6082017,2017,2,6,3,Thursday
2017-06-09,6092017,2017,2,6,4,Friday
2017-06-10,6102017,2017,2,6,5,Saturday
2017-06-11,6112017,2017,2,6,6,Sunday
2017-06-12,6122017,2017,2,6,0,Monday
2017-06-13,6132017,2017,2,6,1,Tuesday
2017-06-14,6142017,2017,2,6,2,Wednesday
2017-06-15,6152017,2017,2,6,3,Thursday
2017-06-16,6162017,2017,2,6,4,Friday
2017-06-17,6172017,2017,2,6,5,Saturday
2017-06-18,6182017,2017,2,6,6,Sunday
2017-06-19,6192017,2017,2,6,0,Monday
2017-06-20,6202017,2017,2,6,1,Tuesday
2017-06-21,6212017,2017,2,6,2,Wednesday
2017-06-22,6222017,2017,2,6,3,Thursday
2017-06-23,6232017,2017,2,6,4,Friday
2017-06-24,6242017,2017,2,6,5,Saturday
2017-06-25,6252017,2017,2,6,6,Sunday
2017-06-26,6262017,2017,2,6,0,Monday
2017-06-27,6272017,2017,2,6,1,Tuesday
2017-06-28,6282017,2017,2,6,2,Wednesday
2017-06-29,6292017,2017,2,6,3,Thursday
2017-06-30,6302017,2017,2,6,4,Friday
2017-07-01,7012017,2017,3,7,5,Saturday
2017-07-02,7022017,2017,3,7,6,Sunday
2017-07-03,7032017,2017,3,7,0,Monday
2017-07-04,7042017,2017,3,7,1,Tuesday
2017-07-05,7052017,2017,3,7,2,Wednesday
2017-07-06,7062017,2017,3,7,3,Thursday
2017-07-07,7072017,2017,3,7,4,Friday
2017-07-08,7082017,2017,3,7,5,Saturday
2017-07-09,7092017,2017,3,7,6,Sunday
2017-07-10,7102017,2017,3,7,0,Monday
2017-07-11,7112017,2017,3,7,1,Tuesday
2017-07-12,7122017,2017,3,7,2,Wednesday
2017-07-13,7132017,2017,3,7,3,Thursday
2017-07-14,7142017,2017,3,7,4,Friday
2017-07-15,7152017,2017,3,7,5,Saturday
2017-07-16,7162017,2017,3,7,6,Sunday
2017-07-17,7172017,2017,3,7,0,Monday
2017-07-18,7182017,2017,3,7,1,Tuesday
2017-07-19,7192017,2017,3,7,2,Wednesday
2017-07-20,7202017,2017,3,7,3,Thursday
2017-07-21,7212017,2017,3,7,4,Friday
2017-07-22,7222017,2017,3,7,5,Saturday
2017-07-23,7232017,2017,3,7,6,Sunday
2017-07-24,7242017,2017,3,7,0,Monday
2017-07-25,7252017,2017,3,7,1,Tuesday
2017-07-26,7262017,2017,3,7,2,Wednesday
2017-07-27,7272017,2017,3,7,3,Thursday
2017-07-28,7282017,2017,3,7,4,Friday
2017-07-29,7292017,2017,3,7,5,Saturday
2017-07-30,7302017,2017,3,7,6,Sunday
2017-07-31,7312017,2017,3,7,0,Monday
2017-08-01,8012017,2017,3,8,1,Tuesday
2017-08-02,8022017,2017,3,8,2,Wednesday
2017-08-03,8032017,2017,3,8,3,Thursday
2017-08-04,8042017,2017,3,8,4,Friday
2017-08-05,8052017,2017,3,8,5,Saturday
2017-08-06,8062017,2017,3,8,6,Sunday
2017-08-07,8072017,2017,3,8,0,Monday
2017-08-08,8082017,2017,3,8,1,Tuesday
2017-08-09,8092017,2017,3,8,2,Wednesday
2017-08-10,8102017,2017,3,8,3,Thursday
2017-08-11,8112017,2017,3,8,4,Friday
2017-08-12,8122017,2017,3,8,5,Saturday
2017-08-13,8132017,2017,3,8,6,Sunday
2017-08-14,8142017,2017,3,8,0,Monday
2017-08-15,8152017,2017,3,8,1,Tuesday
2017-08-16,8162017,2017,3,8,2,Wednesday
2017-08-17,8172017,2017,3,8,3,Thursday
2017-08-18,8182017,2017,3,8,4,Friday
2017-08-19,8192017,2017,3,8,5,Saturday
2017-08-20,8202017,2017,3,8,6,Sunday
2017-08-21,8212017,2017,3,8,0,Monday
2017-08-22,8222017,2017,3,8,1,Tuesday
2017-08-23,8232017,2017,3,8,2,Wednesday
2017-08-24,8242017,2017,3,8,3,Thursday
2017-08-25,8252017,2017,3,8,4,Friday
2017-08-26,8262017,2017,3,8,5,Saturday
2017-08-27,8272017,2017,3,8,6,Sunday
2017-08-28,8282017,2017,3,8,0,Monday
2017-08-29,8292017,2017,3,8,1,Tuesday
2017-08-30,8302017,2017,3,8,2,Wednesday
2017-08-31,8312017,2017,3,8,3,Thursday
2017-09-01,9012017,2017,3,9,4,Friday
2017-09-02,9022017,2017,3,9,5,Saturday
2017-09-03,9032017,2017,3,9,6,Sunday
2017-09-04,9042017,2017,3,9,0,Monday
2017-09-05,9052017,2017,3,9,1,Tuesday
2017-09-06,9062017,2017,3,9,2,Wednesday
2017-09-07,9072017,2017,3,9,3,Thursday
2017-09-08,9082017,2017,3,9,4,Friday
2017-09-09,9092017,2017,3,9,5,Saturday
2017-09-10,9102017,2017,3,9,6,Sunday
2017-09-11,9112017,2017,3,9,0,Monday
2017-09-12,9122017,2017,3,9,1,Tuesday
2017-09-13,9132017,2017,3,9,2,Wednesday
2017-09-14,9142017,2017,3,9,3,Thursday
2017-09-15,9152017,2017,3,9,4,Friday
2017-09-16,9162017,2017,3,9,5,Saturday
2017-09-17,9172017,2017,3,9,6,Sunday
2017-09-18,9182017,2017,3,9,0,Monday
2017-09-19,9192017,2017,3,9,1,Tuesday
2017-09-20,9202017,2017,3,9,2,Wednesday
2017-09-21,9212017,2017,3,9,3,Thursday
2017-09-22,9222017,2017,3,9,4,Friday
2017-09-23,9232017,2017,3,9,5,Saturday
2017-09-24,9242017,2017,3,9,6,Sunday
2017-09-25,9252017,2017,3,9,0,Monday
2017-09-26,9262017,2017,3,9,1,Tuesday
2017-09-27,9272017,2017,3,9,2,Wednesday
2017-09-28,9282017,2017,3,9,3,Thursday
2017-09-29,9292017,2017,3,9,4,Friday
2017-09-30,9302017,2017,3,9,5,Saturday
2017-10-01,10012017,2017,4,10,6,Sunday
2017-10-02,10022017,2017,4,10,0,Monday
2017-10-03,10032017,2017,4,10,1,Tuesday
2017-10-04,10042017,2017,4,10,2,Wednesday
2017-10-05,10052017,2017,4,10,3,Thursday
2017-10-06,10062017,2017,4,10,4,Friday
2017-10-07,10072017,2017,4,10,5,Saturday
2017-10-08,10082017,2017,4,10,6,Sunday
2017-10-09,10092017,2017,4,10,0,Monday
2017-10-10,10102017,2017,4,10,1,Tuesday
2017-10-11,10112017,2017,4,10,2,Wednesday
2017-10-12,10122017,2017,4,10,3,Thursday
2017-10-13,10132017,2017,4,10,4,Friday
2017-10-14,10142017,2017,4,10,5,Saturday
2017-10-15,10152017,2017,4,10,6,Sunday
2017-10-16,10162017,2017,4,10,0,Monday
2017-10-17,10172017,2017,4,10,1,Tuesday
2017-10-18,10182017,2017,4,10,2,Wednesday
2017-10-19,10192017,2017,4,10,3,Thursday
2017-10-20,10202017,2017,4,10,4,Friday
2017-10-21,10212017,2017,4,10,5,Saturday
2017-10-22,10222017,2017,4,10,6,Sunday
2017-10-23,10232017,2017,4,10,0,Monday
2017-10-24,10242017,2017,4,10,1,Tuesday
2017-10-25,10252017,2017,4,10,2,Wednesday
2017-10-26,10262017,2017,4,10,3,Thursday
2017-10-27,10272017,2017,4,10,4,Friday
2017-10-28,10282017,2017,4,10,5,Saturday
2017-10-29,10292017,2017,4,10,6,Sunday
2017-10-30,10302017,2017,4,10,0,Monday
2017-10-31,10312017,2017,4,10,1,Tuesday
2017-11-01,11012017,2017,4,11,2,Wednesday
2017-11-02,11022017,2017,4,11,3,Thursday
2017-11-03,11032017,2017,4,11,4,Friday
2017-11-04,11042017,2017,4,11,5,Saturday
2017-11-05,11052017,2017,4,11,6,Sunday
2017-11-06,11062017,2017,4,11,0,Monday
2017-11-07,11072017,2017,4,11,1,Tuesday
2017-11-08,11082017,2017,4,11,2,Wednesday
2017-11-09,11092017,2017,4,11,3,Thursday
2017-11-10,11102017,2017,4,11,4,Friday
2017-11-11,11112017,2017,4,11,5,Saturday
2017-11-12,11122017,2017,4,11,6,Sunday
2017-11-13,11132017,2017,4,11,0,Monday
2017-11-14,11142017,2017,4,11,1,Tuesday
2017-11-15,11152017,2017,4,11,2,Wednesday
2017-11-16,11162017,2017,4,11,3,Thursday
2017-11-17,11172017,2017,4,11,4,Friday
2017-11-18,11182017,2017,4,11,5,Saturday
2017-11-19,11192017,2017,4,11,6,Sunday
2017-11-20,11202017,2017,4,11,0,Monday
2017-11-21,11212017,2017,4,11,1,Tuesday
2017-11-22,11222017,2017,4,11,2,Wednesday
2017-11-23,11232017,2017,4,11,3,Thursday
2017-11-24,11242017,2017,4,11,4,Friday
2017-11-25,11252017,2017,4,11,5,Saturday
2017-11-26,11262017,2017,4,11,6,Sunday
2017-11-27,11272017,2017,4,11,0,Monday
2017-11-28,11282017,2017,4,11,1,Tuesday
2017-11-29,11292017,2017,4,11,2,Wednesday
2017-11-30,11302017,2017,4,11,3,Thursday
2017-12-01,12012017,2017,4,12,4,Friday
2017-12-02,12022017,2017,4,12,5,Saturday
2017-12-03,12032017,2017,4,12,6,Sunday
2017-12-04,12042017,2017,4,12,0,Monday
2017-12-05,12052017,2017,4,12,1,Tuesday
2017-12-06,12062017,2017,4,12,2,Wednesday
2017-12-07,12072017,2017,4,12,3,Thursday
2017-12-08,12082017,2017,4,12,4,Friday
2017-12-09,12092017,2017,4,12,5,Saturday
2017-12-10,12102017,2017,4,12,6,Sunday
2017-12-11,12112017,2017,4,12,0,Monday
2017-12-12,12122017,2017,4,12,1,Tuesday
2017-12-13,12132017,2017,4,12,2,Wednesday
2017-12-14,12142017,2017,4,12,3,Thursday
2017-12-15,12152017,2017,4,12,4,Friday
2017-12-16,12162017,2017,4,12,5,Saturday
2017-12-17,12172017,2017,4,12,6,Sunday
2017-12-18,12182017,2017,4,12,0,Monday
2017-12-19,12192017,2017,4,12,1,Tuesday
2017-12-20,12202017,2017,4,12,2,Wednesday
2017-12-21,12212017,2017,4,12,3,Thursday
2017-12-22,12222017,2017,4,12,4,Friday
2017-12-23,12232017,2017,4,12,5,Saturday
2017-12-24,12242017,2017,4,12,6,Sunday
2017-12-25,12252017,2017,4,12,0,Monday
2017-12-26,12262017,2017,4,12,1,Tuesday
2017-12-27,12272017,2017,4,12,2,Wednesday
2017-12-28,12282017,2017,4,12,3,Thursday
2017-12-29,12292017,2017,4,12,4,Friday
2017-12-30,12302017,2017,4,12,5,Saturday
2017-12-31,12312017,2017,4,12,6,Sunday
2018-01-01,1012018,2018,1,1,0,Monday
2018-01-02,1022018,2018,1,1,1,Tuesday
2018-01-03,1032018,2018,1,1,2,Wednesday
2018-01-04,1042018,2018,1,1,3,Thursday
2018-01-05,1052018,2018,1,1,4,Friday
2018-01-06,1062018,2018,1,1,5,Saturday
2018-01-07,1072018,2018,1,1,6,Sunday
2018-01-08,1082018,2018,1,1,0,Monday
2018-01-09,1092018,2018,1,1,1,Tuesday
2018-01-10,1102018,2018,1,1,2,Wednesday
2018-01-11,1112018,2018,1,1,3,Thursday
2018-01-12,1122018,2018,1,1,4,Friday
2018-01-13,1132018,2018,1,1,5,Saturday
2018-01-14,1142018,2018,1,1,6,Sunday
2018-01-15,1152018,2018,1,1,0,Monday
2018-01-16,1162018,2018,1,1,1,Tuesday
2018-01-17,1172018,2018,1,1,2,Wednesday
2018-01-18,1182018,2018,1,1,3,Thursday
2018-01-19,1192018,2018,1,1,4,Friday
2018-01-20,1202018,2018,1,1,5,Saturday
2018-01-21,1212018,2018,1,1,6,Sunday
2018-01-22,1222018,2018,1,1,0,Monday
2018-01-23,1232018,2018,1,1,1,Tuesday
2018-01-24,1242018,2018,1,1,2,Wednesday
2018-01-25,1252018,2018,1,1,3,Thursday
2018-01-26,1262018,2018,1,1,4,Friday
2018-01-27,1272018,2018,1,1,5,Saturday
2018-01-28,1282018,2018,1,1,6,Sunday
2018-01-29,1292018,2018,1,1,0,Monday
2018-01-30,1302018,2018,1,1,1,Tuesday
2018-01-31,1312018,2018,1,1,2,Wednesday
2018-02-01,2012018,2018,1,2,3,Thursday
2018-02-02,2022018,2018,1,2,4,Friday
2018-02-03,2032018,2018,1,2,5,Saturday
2018-02-04,2042018,2018,1,2,6,Sunday
2018-02-05,2052018,2018,1,2,0,Monday
2018-02-06,2062018,2018,1,2,1,Tuesday
